ujumbe,label
"Hongera! Umeshinda Tsh 5,000,000 katika bahati nasibu tuma namba ya siri",spam
"Click link hii sasa upate zawadi ya gari bure",spam
"Akaunti yako itafungwa leo thibitisha namba ya OTP sasa",spam
"Mkopo wa haraka bila dhamana tuma kitambulisho kwa namba hii",spam
"Tsh 10,000 zimeingia akaunti yako tuma kodi ya siri kuthibitisha",spam
"UMESHINDA pangusa kadi yako haraka upate zawadi ya leo",spam
"Buy cheap followers and likes now click this link",spam
"Congratulations you won 1000000 send your bank details now",spam
"Urgent your account will be closed verify password immediately",spam
"Cheapest loans approved in 5 minutes no checks just click",spam
"You have been selected for a free iPhone click the link",spam
"Tuma Tsh 5,000 tu upate Tsh 50,000 bure leo tu",spam
"Password yako imeisha weka upya hapa kabla haijaisha",spam
"Msichana anakuuliza kumwibia click hapa sasa",spam
"Double your money in 24 hours guaranteed investment",spam
"Win a brand new car today enter now free draw",spam
"Namba yako ya simu imeshinda zawadi ya simu mpya tuma ankara",spam
"Work from home earn 500000 daily no experience needed apply now",spam
"Unaweza kulipwa bila kufanya kazi apply now sasa",spam
"Your parcel is stuck pay 3000 clearing fee now",spam
"Sajili akaunti hii ya betting upate bonus ya bure mara moja",spam
"Chagua namba hii ya bahati nasibu ushinde leo",spam
"Free crypto giveaway send 0.1 BTC receive 1 BTC",spam
"Niko na mkopo wa haraka bei nafuu tuma kwa WhatsApp hii",spam
"Bank approved your loan send details to claim now",spam
"Tuma taarifa zako za kadi ya benki haraka ili upokee pesa",spam
"Asubuhi hii umeshinda kagua akaunti yako hapa",spam
"Cheap meds no prescription needed order now discreet",spam
"Your Netflix account is suspended update payment now",spam
"Tuma namba ya siri ya M-Pesa kulipia ushindi wako",spam
"Amazing deal 90 percent off luxury watch click now",spam
"Tumeona akaunti yako tumeifunga tuma ID sasa",spam
"Earn from your phone passively install this app now",spam
"Kuwa milioni kwa mwezi bila kufanya kitu tuma usajili",spam
"Tax refund pending send processing fee to receive",spam
"Umeingia kwenye orodha yetu ingia sasa au akaunti itafungwa",spam
"Habari ya asubuhi umefika ofisini salama",ham
"Kikao cha kesho saa tatu asubuhi tafadhali usichelewe",ham
"Nimekuona umepata kazi nzuri hongera sana",ham
"Tsh 5,000 nimekutumia kwa basi kesho asubuhi",ham
"Mama anataka uwapigie usiku huu wa jamani",ham
"Safari ya kesho tutaondoka saa kumi asubuhi",ham
"Baba yako amefika salama Mwanza leo",ham
"Tafadhali nisaidie kubeba mizigo kesho asubuhi",ham
"Habari za mapema nimefika salama bila shida",ham
"Nitakupigia kesho baada ya kikao cha ofisi",ham
"Boss nimepokea malipo ya kesho nitawasiliana nawe",ham
"Nitaleta taarifa za mkopo kesho ofisini",ham
"Je umeshala chakula cha mchana",ham
"Mkutano wa timu umehairishwa hadi Ijumaa",ham
"Nimehariri ripoti tafadhali kagua kabla ya saa nne",ham
"Shukrani kwa msaada wa jana kila kitu kimekamilika",ham
"Tukutane kesho saa tatu basi mlango wa nyuma",ham
"Wasiwasi wangu umepungua sasa nimepumzika",ham
"Tuma kwa namba ile ile ya kawaida ya kampuni",ham
"Karibu ofisini kesho tutakula pamoja",ham
"Nimepata majibu kutoka benki kuhusu maombi langu",ham
"Data ya robo mwaka imekamilika tumeiweka kwenye drive",ham
"Mteja amefika ofisini tafadhali mwakilisho waoneshe",ham
"Tumeanza kutumia mfumo mpya wa barua pepe",ham
"Ada ya shule inapaswa kulipwa kabla ya Ijumaa",ham
"Habari za jioni je umefika salama nyumbani",ham
"Nimeondoka ofisini kwanza kesho tutaendelea",ham
"Tafadhali sahihi hati hii kesho asubuhi",ham
"Timu yetu imeshinda mechi ya jana mabao tatu kwa moja",ham
"Nimekutumia takwimu za mwezi kwa barua pepe",ham
"Tuko njiani kuja kupokea mizigo saa mbili",ham
"Niko safarini hapa Mwanza nitakupigia kesho",ham
"Asante kwa kuja sherehe jana tulifurahi sana",ham
"Kagua maktabati niliyokutumia kuna makosa madogo",ham
"Mkazi wako anakuomba uwapigie simu",ham
"Wiki ijayo tutaenda kukutana na mteja Dar es Salaam",ham
"Nimepiga simu mara mbili hakuna majibu urudie kesho",ham
"Chakula cha jioni kiko mezani ukiwa tayari kanya",ham
